label,atlas,x,y,z
Left_V1,glasser_cortex,-9.453338489301366,-84.8347512245424,2.5529775715390564
Left_MST,glasser_cortex,-41.178885630498534,-67.13636363636364,7.843108504398827
Left_V6,glasser_cortex,-14.562146892655367,-78.79661016949153,31.35946327683616
Left_V2,glasser_cortex,-9.378169014084508,-81.47253521126761,5.582834507042254
Left_V3,glasser_cortex,-15.68245655796239,-85.88859795286837,7.816472268507498
Left_V4,glasser_cortex,-27.84086692528251,-87.07868105920053,-0.15559116208466858
Left_V8,glasser_cortex,-30.363095238095237,-76.09268707482993,-12.698979591836734
Left_4,glasser_cortex,-27.858705994291153,-19.470884871550904,55.77802093244529
Left_3b,glasser_cortex,-37.95259792166267,-22.649800159872104,54.44660271782574
Left_FEF,glasser_cortex,-40.53897550111358,-5.239977728285078,51.94766146993319
Left_PEF,glasser_cortex,-48.68915801614764,0.17358708189158017,40.12975778546713
Left_55b,glasser_cortex,-48.61120957022597,-0.4428444838280904,50.5509525919362
Left_V3A,glasser_cortex,-16.476504534212697,-90.0717230008244,28.095218466611705
Left_RSC,glasser_cortex,-5.426404995539697,-37.47725245316681,20.37734165923283
Left_POS2,glasser_cortex,-9.260311871227364,-72.71227364185111,39.53495975855131
Left_V7,glasser_cortex,-24.506172839506174,-84.53950617283951,30.7679012345679
Left_IPS1,glasser_cortex,-23.92874396135266,-73.86111111111111,38.4987922705314
Left_FFC,glasser_cortex,-42.02573099415205,-60.947953216374266,-18.06608187134503
Left_V3B,glasser_cortex,-26.71475625823452,-81.22859025032938,18.618577075098813
Left_LO1,glasser_cortex,-37.56060606060606,-84.85642135642135,5.91991341991342
Left_LO2,glasser_cortex,-42.93076923076923,-86.14615384615385,-3.5760180995475115
Left_PIT,glasser_cortex,-39.10540970564837,-84.56682577565633,-13.827764518695306
Left_MT,glasser_cortex,-44.54602510460251,-72.57252440725244,9.142956764295677
Left_A1,glasser_cortex,-43.40645463049579,-23.877923292797007,12.385874649204863
Left_PSL,glasser_cortex,-58.30923507462686,-45.02751865671642,24.827891791044777
Left_SFL,glasser_cortex,-8.393045443133317,16.88990710519709,64.32500627667588
Left_PCV,glasser_cortex,-5.888464800678541,-51.17811704834605,50.88931297709924
Left_STV,glasser_cortex,-61.94233726294208,-49.42721681189134,17.201178882624294
Left_7Pm,glasser_cortex,-5.031984334203655,-68.11357702349869,53.077023498694516
Left_7m,glasser_cortex,-3.9687148744848257,-63.27444735856126,37.6566129636568
Left_POS1,glasser_cortex,-12.602229054573405,-58.28209069946195,15.798232129131437
Left_23d,glasser_cortex,-2.9030075187969926,-21.162406015037593,39.250375939849626
Left_v23ab,glasser_cortex,-3.4343396226415095,-58.39433962264151,19.316603773584905
Left_d23ab,glasser_cortex,-3.480782429649966,-42.47529169526424,31.347632120796156
Left_31pv,glasser_cortex,-10.321689259645463,-46.19760166840459,32.544838373305524
Left_5m,glasser_cortex,-6.304830287206267,-40.6233681462141,63.17167101827676
Left_5mv,glasser_cortex,-13.831626120358514,-36.20422535211268,50.26440460947503
Left_23c,glasser_cortex,-11.611275964391691,-30.712166172106826,43.231454005934715
Left_5L,glasser_cortex,-14.491981672394044,-46.12256586483391,72.67640320733105
Left_24dd,glasser_cortex,-6.816024211532335,-16.351226505256452,51.052723797387706
Left_24dv,glasser_cortex,-9.098705501618124,-2.1666666666666665,45.71440129449838
Left_7AL,glasser_cortex,-20.949507389162562,-51.33702791461412,68.08866995073892
Left_SCEF,glasser_cortex,-6.327898550724638,3.8819875776397517,58.83048654244306
Left_6ma,glasser_cortex,-18.63142857142857,3.7253416149068324,68.8376397515528
Left_7Am,glasser_cortex,-8.1539780521262,-58.480109739369,63.28600823045267
Left_7PL,glasser_cortex,-13.930395913154534,-72.28991060025542,57.952107279693486
Left_7PC,glasser_cortex,-36.61133400200602,-48.16599799398195,63.481277164827816
Left_LIPv,glasser_cortex,-30.232737208147043,-58.32314952806756,56.32861400894188
Left_VIP,glasser_cortex,-23.231380337636544,-64.0953326713009,64.32869910625621
Left_MIP,glasser_cortex,-22.40450643776824,-65.8283261802575,47.753755364806864
Left_1,glasser_cortex,-45.442460949952185,-25.99792795664648,58.16114121772394
Left_2,glasser_cortex,-37.206984071416066,-33.8357255382461,54.06432697356905
Left_3a,glasser_cortex,-34.693535672053606,-20.507883326763896,43.705360662199446
Left_6d,glasser_cortex,-34.55216501875213,-13.330889873849301,67.20848960109103
Left_6mp,glasser_cortex,-12.401531728665208,-14.336858740578654,71.35679552637977
Left_6v,glasser_cortex,-59.2302752293578,4.103669724770643,33.0308868501529
Left_p24pr,glasser_cortex,-4.051826994780015,-3.737136465324385,40.439597315436245
Left_33pr,glasser_cortex,-2.5805860805860807,10.076312576312576,29.13736263736264
Left_a24pr,glasser_cortex,-5.383471074380165,17.223140495867767,32.006611570247934
Left_p32pr,glasser_cortex,-8.203436807095343,13.951219512195122,40.12749445676275
Left_a24,glasser_cortex,-6.189673622257892,42.14205457463884,-2.9355270197966825
Left_d32,glasser_cortex,-8.305297397769516,40.54879182156134,26.106877323420075
Left_8BM,glasser_cortex,-5.602283105022831,31.122222222222224,45.538660578386605
Left_p32,glasser_cortex,-11.313929313929314,50.44282744282744,-0.49272349272349275
Left_10r,glasser_cortex,-7.425061425061425,52.58722358722359,-7.772113022113022
Left_47m,glasser_cortex,-36.48133333333333,32.849333333333334,-13.984
Left_8Av,glasser_cortex,-38.55353408615642,17.187578419071517,52.43391886240067
Left_8Ad,glasser_cortex,-23.976275968196973,26.30815593741985,44.10271864580662
Left_9m,glasser_cortex,-6.531573586827363,53.45909013749788,25.981582074350705
Left_8BL,glasser_cortex,-12.124528301886793,35.770440251572325,54.65880503144654
Left_9p,glasser_cortex,-19.79275715155204,45.49573950091296,40.11046865489958
Left_10d,glasser_cortex,-11.37430225346289,65.67345462063263,10.716456481290056
Left_8C,glasser_cortex,-42.71987837324211,13.580577727099962,38.290573926263775
Left_44,glasser_cortex,-53.704150783566284,15.928208386277001,13.231893265565438
Left_45,glasser_cortex,-50.38812845485654,26.252566464859175,3.115425111871545
Left_47l,glasser_cortex,-46.379772542648254,30.37408610885459,-9.748578391551584
Left_a47r,glasser_cortex,-41.07718458826492,48.36628053387056,-10.813019390581717
Left_6r,glasser_cortex,-52.74597855227882,7.377345844504021,18.452077747989275
Left_IFJa,glasser_cortex,-41.76354679802956,12.57820197044335,26.29371921182266
Left_IFJp,glasser_cortex,-40.94758064516129,3.3056451612903226,30.191935483870967
Left_IFSp,glasser_cortex,-49.77058823529412,22.41830065359477,22.64967320261438
Left_IFSa,glasser_cortex,-47.59341669731519,33.74567855829349,11.728392791467451
Left_p9-46v,glasser_cortex,-46.200625558534405,28.983169496574323,28.364462317545428
Left_46,glasser_cortex,-38.328626897282035,38.02029650547123,31.647370278856336
Left_a9-46v,glasser_cortex,-39.52326885337819,51.68671152228764,9.607653490328007
Left_9-46d,glasser_cortex,-29.92212716313436,46.43855726229827,23.369336962862143
Left_9a,glasser_cortex,-20.714250124564025,56.15944195316393,26.885650224215247
Left_10v,glasser_cortex,-4.9125,53.854787234042554,-16.70132978723404
Left_a10p,glasser_cortex,-27.768576979116077,58.91864983001457,-4.2343370568237
Left_10pp,glasser_cortex,-14.645395044413277,62.21669004207573,-13.935250116877045
Left_11l,glasser_cortex,-26.619602272727274,48.17215909090909,-14.217045454545454
Left_13l,glasser_cortex,-23.427486187845304,29.929558011049725,-18.91367403314917
Left_OFC,glasser_cortex,-10.706450036647935,32.51075006107989,-23.616296115318836
Left_47s,glasser_cortex,-33.7723044397463,22.307610993657505,-18.75412262156448
Left_LIPd,glasser_cortex,-29.136453201970443,-54.90098522167488,44.10985221674877
Left_6a,glasser_cortex,-25.26042328042328,-3.3893121693121695,55.98846560846561
Left_i6-8,glasser_cortex,-31.73711943793911,5.945550351288056,59.38875878220141
Left_s6-8,glasser_cortex,-22.723834988540872,22.308250572956457,58.111917494270436
Left_43,glasser_cortex,-57.4112426035503,-0.011505588428665352,9.719592373438527
Left_OP4,glasser_cortex,-60.14689655172414,-12.982758620689655,15.995632183908047
Left_OP1,glasser_cortex,-48.21098901098901,-21.614835164835164,19.80934065934066
Left_OP2-3,glasser_cortex,-40.56446140797286,-15.983460559796438,19.459287531806616
Left_52,glasser_cortex,-38.846727898966705,-19.84902411021814,-0.33237657864523534
Left_RI,glasser_cortex,-39.81486880466473,-34.020116618075804,20.349562682215744
Left_PFcm,glasser_cortex,-51.81772377000593,-31.96058091286307,21.84617664493183
Left_PoI2,glasser_cortex,-39.44962613144431,-1.3953168044077136,-0.40082644628099173
Left_TA2,glasser_cortex,-50.573272273105744,1.0287260616153207,-5.425895087427144
Left_FOP4,glasser_cortex,-40.8459793814433,12.850103092783506,6.354020618556701
Left_MI,glasser_cortex,-35.74004085801839,11.92288049029622,2.475485188968335
Left_Pir,glasser_cortex,-30.398630136986302,6.568493150684931,-17.41780821917808
Left_AVI,glasser_cortex,-30.170462156731414,25.458472873409242,-2.1557267247153384
Left_AAIC,glasser_cortex,-32.70313790255987,14.79810074318745,-11.016102394715112
Left_FOP1,glasser_cortex,-50.07251908396947,2.1297709923664123,4.782442748091603
Left_FOP3,glasser_cortex,-35.693939393939395,2.803030303030303,13.255151515151516
Left_FOP2,glasser_cortex,-42.74281984334203,-3.936031331592689,14.891644908616188
Left_PFt,glasser_cortex,-54.1565579984837,-26.88476118271418,39.02122820318423
Left_AIP,glasser_cortex,-38.33790156203949,-40.5972590627763,44.418066607721784
Left_EC,glasser_cortex,-22.123916811091853,-11.334488734835356,-30.021230502599654
Left_PreS,glasser_cortex,-16.41915422885572,-32.24689054726368,-12.485696517412935
Left_H,glasser_cortex,-26.99556580347641,-23.407059240865554,-16.04380986165307
Left_ProS,glasser_cortex,-21.85634167385677,-55.93572044866264,5.1850733390854185
Left_PeEc,glasser_cortex,-32.05877616747182,-9.316425120772946,-33.357890499194845
Left_STGa,glasser_cortex,-51.767080745341616,12.607023411371237,-14.645723841376014
Left_PBelt,glasser_cortex,-53.57064017660044,-25.467991169977925,9.376379690949227
Left_A5,glasser_cortex,-63.60617958347559,-14.51194947080915,-0.8270740867190167
Left_PHA1,glasser_cortex,-23.208185053380785,-36.35053380782918,-14.7141162514828
Left_PHA3,glasser_cortex,-31.229599227426363,-38.47778850796717,-16.370111057460164
Left_STSda,glasser_cortex,-55.29901477832512,-5.779310344827586,-9.54088669950739
Left_STSdp,glasser_cortex,-53.419408679065334,-31.181449690033382,1.3769670958512161
Left_STSvp,glasser_cortex,-55.271867190289186,-33.656015708675476,-3.4689396644055694
Left_TGd,glasser_cortex,-41.04165137614679,11.42348623853211,-33.18981651376147
Left_TE1a,glasser_cortex,-60.899732322105734,-6.789538255632389,-20.48215480704885
Left_TE1p,glasser_cortex,-61.6980020873714,-45.384896376919635,-10.597510064112122
Left_TE2a,glasser_cortex,-56.860623781676416,-23.01196172248804,-27.484582668793195
Left_TF,glasser_cortex,-43.18668239330903,-23.876152691400385,-27.294767317177783
Left_TE2p,glasser_cortex,-47.90455284552846,-43.66357723577236,-18.7930081300813
Left_PHT,glasser_cortex,-58.9438270113554,-59.274100024160425,0.7237255375694612
Left_PH,glasser_cortex,-46.047131665403086,-64.84698003538034,-7.669825625473844
Left_TPOJ1,glasser_cortex,-53.83040078201368,-45.28445747800586,9.79960899315738
Left_TPOJ2,glasser_cortex,-52.988597972972975,-61.270270270270274,12.899493243243244
Left_TPOJ3,glasser_cortex,-42.988352745424294,-71.20299500831946,19.168885191347755
Left_DVT,glasser_cortex,-18.77845659163987,-72.64019292604502,34.52379421221865
Left_PGp,glasser_cortex,-38.015080297688996,-83.87877007442225,25.377399138268704
Left_IP2,glasser_cortex,-38.92543021032505,-50.45793499043977,42.478967495219884
Left_IP1,glasser_cortex,-30.71212121212121,-69.28522062732588,41.56592238171186
Left_IP0,glasser_cortex,-30.579005120702266,-76.8145574250183,27.44659839063643
Left_PFop,glasser_cortex,-62.94261620732209,-22.786301933360757,26.646441793500617
Left_PF,glasser_cortex,-59.087040172387255,-38.09473603201478,38.562182545790364
Left_PFm,glasser_cortex,-49.99626192317608,-56.99561742717195,44.07257025006445
Left_PGi,glasser_cortex,-46.47570281124498,-60.13493975903614,25.243775100401606
Left_PGs,glasser_cortex,-41.096053772766695,-74.28187337380746,39.00932350390286
Left_V6A,glasser_cortex,-21.381379310344826,-85.51517241379311,42.938620689655174
Left_VMV1,glasser_cortex,-19.483594864479315,-54.962196861626246,-6.121255349500713
Left_VMV3,glasser_cortex,-27.796498905908095,-62.36980306345733,-10.87417943107221
Left_PHA2,glasser_cortex,-31.371951219512194,-36.80792682926829,-11.144817073170731
Left_V4t,glasser_cortex,-48.05698005698006,-78.64672364672364,1.3518518518518519
Left_FST,glasser_cortex,-47.65473251028806,-67.79218106995884,2.6489711934156377
Left_V3CD,glasser_cortex,-35.96455223880597,-87.58022388059702,12.994402985074627
Left_LO3,glasser_cortex,-46.09011328527291,-79.72966014418125,12.988156539649845
Left_VMV2,glasser_cortex,-27.806497175141242,-55.402542372881356,-5.415254237288136
Left_31pd,glasser_cortex,-9.526477832512315,-52.5326354679803,36.383620689655174
Left_31a,glasser_cortex,-4.744233378561737,-37.77476255088195,43.3270013568521
Left_VVC,glasser_cortex,-31.249898000815993,-52.717870257037944,-16.83986128110975
Left_25,glasser_cortex,-5.001298701298701,24.886147186147188,-13.183116883116883
Left_s32,glasser_cortex,-8.120567375886525,36.180851063829785,-13.648936170212766
Left_pOFC,glasser_cortex,-13.860087960417811,14.155305112699285,-20.074491478834524
Left_PoI1,glasser_cortex,-38.11915492957746,-10.289859154929577,-3.37887323943662
Left_Ig,glasser_cortex,-35.6371640407785,-14.472196478220575,14.75949953660797
Left_FOP5,glasser_cortex,-35.53305785123967,27.318870523415978,5.5041322314049586
Left_p10p,glasser_cortex,-24.652419061476902,61.49854492542743,5.6240451073117494
Left_p47r,glasser_cortex,-45.25029539188657,43.46022055927531,1.3349743993698306
Left_TGv,glasser_cortex,-40.24129098360656,-1.7963627049180328,-43.87832991803279
Left_MBelt,glasser_cortex,-44.9542349726776,-16.192622950819672,4.104508196721311
Left_LBelt,glasser_cortex,-44.906917599186166,-26.88351983723296,8.980162767039674
Left_A4,glasser_cortex,-63.54819277108434,-22.11160431198478,9.57863031071655
Left_STSva,glasser_cortex,-51.73592342342342,-9.351914414414415,-15.189752252252251
Left_TE1m,glasser_cortex,-64.48448610213316,-26.248222365869424,-14.24983839689722
Left_PI,glasser_cortex,-44.10493827160494,-2.457818930041152,-14.006172839506172
Left_a32pr,glasser_cortex,-9.15,29.518666666666668,29.044
Left_p24,glasser_cortex,-5.296316964285714,37.24330357142857,15.983258928571429
Right_V1,glasser_cortex,12.419319256224393,-81.35225338796091,4.692688307595335
Right_MST,glasser_cortex,43.290849673202615,-64.4359477124183,4.643790849673203
Right_V6,glasser_cortex,18.019175729822553,-76.39696622781912,31.74098454493417
Right_V2,glasser_cortex,12.768975166142008,-78.94657222805176,6.752885624344176
Right_V3,glasser_cortex,20.115605552896124,-85.85280038295835,8.784226902824319
Right_V4,glasser_cortex,30.249338220321725,-83.75778863775199,-0.3535939727143148
Right_V8,glasser_cortex,30.432992980216977,-72.85737077217614,-12.348117421825144
Right_4,glasser_cortex,28.192404796970333,-17.3396802019777,57.86671575846834
Right_3b,glasser_cortex,37.40374753451677,-20.60611439842209,53.606311637080864
Right_FEF,glasser_cortex,44.33385579937304,-1.2486938349007315,52.122779519331246
Right_PEF,glasser_cortex,46.64243542435425,3.5966789667896677,36.92435424354244
Right_55b,glasser_cortex,49.869969040247675,2.684984520123839,47.51160990712074
Right_V3A,glasser_cortex,18.816824727783633,-87.6822971548999,32.31594661046716
Right_RSC,glasser_cortex,6.265202702702703,-36.291807432432435,21.67652027027027
Right_POS2,glasser_cortex,13.071063632141199,-69.78588016720855,40.16395726892708
Right_V7,glasser_cortex,28.904411764705884,-82.00105042016807,34.246848739495796
Right_IPS1,glasser_cortex,27.410884786760025,-70.61521323997454,39.928389560789306
Right_FFC,glasser_cortex,40.822198842714364,-53.84087322461862,-18.977117306680693
Right_V3B,glasser_cortex,30.035796766743648,-75.58545034642032,22.11431870669746
Right_LO1,glasser_cortex,38.41242937853107,-79.95197740112994,4.504237288135593
Right_LO2,glasser_cortex,44.925950196592396,-83.96920052424639,-0.700524246395806
Right_PIT,glasser_cortex,42.30495519240907,-80.52266736953084,-12.095677385345281
Right_MT,glasser_cortex,50.39387755102041,-69.89081632653061,8.239795918367347
Right_A1,glasser_cortex,43.37608069164265,-20.037463976945244,11.097982708933717
Right_PSL,glasser_cortex,63.968187274909965,-35.556822729091635,25.944577831132452
Right_SFL,glasser_cortex,8.841562120598947,14.053622015378389,66.50647511129098
Right_PCV,glasser_cortex,6.691218711530571,-52.32396389002872,52.651826015592945
Right_STV,glasser_cortex,60.30734323432343,-42.30940594059406,19.002887788778878
Right_7Pm,glasser_cortex,7.208702064896755,-66.94837758112094,54.99557522123894
Right_7m,glasser_cortex,5.257078986587183,-62.57377049180328,37.46758569299553
Right_POS1,glasser_cortex,14.275037369207773,-56.097907324364726,18.079596412556054
Right_23d,glasser_cortex,4.28719275549806,-22.426908150064683,39.4391979301423
Right_v23ab,glasser_cortex,5.168944570994685,-54.61845102505695,20.221336370539102
Right_d23ab,glasser_cortex,4.716024340770791,-41.15111561866126,32.82048681541582
Right_31pv,glasser_cortex,11.232937685459941,-43.475272007912956,34.35459940652819
Right_5m,glasser_cortex,6.530701754385965,-38.53898635477583,65.97709551656921
Right_5mv,glasser_cortex,13.543478260869565,-38.611223458038424,54.28361981799798
Right_23c,glasser_cortex,11.941388638412985,-32.36654643823264,44.54869251577998
Right_5L,glasser_cortex,14.585836909871245,-44.983369098712444,74.74624463519314
Right_24dd,glasser_cortex,7.655871670702179,-16.840496368038743,52.5998789346247
Right_24dv,glasser_cortex,10.236696613683483,-3.8780234968901173,46.61333794056669
Right_7AL,glasser_cortex,22.75925925925926,-50.06666666666667,68.75138888888888
Right_SCEF,glasser_cortex,7.370937204165352,2.8830861470495424,59.61391606184917
Right_6ma,glasser_cortex,19.53063399041023,3.2706446457112412,68.09403303143314
Right_7Am,glasser_cortex,10.755685986793837,-58.23991195891416,64.92149669845928
Right_7PL,glasser_cortex,16.310883140053523,-70.30909901873328,60.144067796610166
Right_7PC,glasser_cortex,35.78078524687686,-46.91671624033314,63.24836406900654
Right_LIPv,glasser_cortex,28.305184603299292,-55.167714061272584,54.4057344854674
Right_VIP,glasser_cortex,23.64658273381295,-61.42176258992806,64.95863309352518
Right_MIP,glasser_cortex,25.871896722939425,-65.9875868917577,50.75620655412115
Right_1,glasser_cortex,46.77092586265801,-21.599077553809362,56.85838742740007
Right_2,glasser_cortex,37.37734988136521,-30.357820770213543,53.26218288008761
Right_3a,glasser_cortex,32.221386800334166,-19.936507936507937,47.554302422723474
Right_6d,glasser_cortex,37.25879593432369,-11.146207974980454,64.90852228303362
Right_6mp,glasser_cortex,17.34922822491731,-11.659316427783903,69.04630650496141
Right_6v,glasser_cortex,59.61568409343715,6.7817945865776785,30.962365591397848
Right_p24pr,glasser_cortex,5.2199046483909415,-3.9129916567342073,40.80214541120382
Right_33pr,glasser_cortex,4.3528301886792455,11.625471698113207,28.433962264150942
Right_a24pr,glasser_cortex,5.20962962962963,17.76814814814815,33.611111111111114
Right_p32pr,glasser_cortex,10.832210242587601,12.404312668463612,40.91711590296496
Right_a24,glasser_cortex,6.500567536889898,39.70090805902384,-1.4040862656072646
Right_d32,glasser_cortex,8.92952460383653,38.26563803169308,28.000834028356966
Right_8BM,glasser_cortex,6.374470734744707,27.634246575342466,48.09028642590287
Right_p32,glasser_cortex,9.856013745704468,48.987972508591064,-1.868384879725086
Right_10r,glasser_cortex,7.406767955801105,51.27900552486188,-9.136049723756907
Right_47m,glasser_cortex,33.83301064859632,33.7458857696031,-15.291868344627298
Right_8Av,glasser_cortex,40.72044534412955,18.899797570850204,49.02469635627531
Right_8Ad,glasser_cortex,24.706130483689538,27.60798650168729,45.48622047244095
Right_9m,glasser_cortex,7.472931058790357,54.21380234033554,22.777879599605246
Right_8BL,glasser_cortex,13.59657986785853,38.27322191993782,52.211037699183834
Right_9p,glasser_cortex,20.381629785739374,48.777133825079034,36.02722163681068
Right_10d,glasser_cortex,10.315956221198157,66.96774193548387,6.203629032258065
Right_8C,glasser_cortex,40.18734212742071,16.455094021891664,35.73659837215829
Right_44,glasser_cortex,53.40867418899859,19.812059238363894,10.717559943582511
Right_45,glasser_cortex,50.71607142857143,27.503125,2.840625
Right_47l,glasser_cortex,46.232587064676615,33.4212271973466,-12.89759535655058
Right_a47r,glasser_cortex,39.132702464788736,52.484595070422536,-7.60981514084507
Right_6r,glasser_cortex,52.537450199203185,10.285657370517928,14.644754316069058
Right_IFJa,glasser_cortex,45.27460050462574,17.35197645079899,25.55550883095038
Right_IFJp,glasser_cortex,38.66884816753927,8.113874345549739,27.530104712041886
Right_IFSp,glasser_cortex,49.447765890497166,28.579295154185022,19.561674008810574
Right_IFSa,glasser_cortex,49.11199469847581,37.871438038436054,6.058979456593771
Right_p9-46v,glasser_cortex,46.47832185666922,31.721117061973985,28.301071155317523
Right_46,glasser_cortex,37.30549802297119,39.10139333458859,30.852664281679534
Right_a9-46v,glasser_cortex,40.46530084902178,51.82890365448505,10.25968992248062
Right_9-46d,glasser_cortex,29.946977922547955,49.31632283749548,23.504705030763663
Right_9a,glasser_cortex,19.468005223636958,61.393894874306234,21.99624551093699
Right_10v,glasser_cortex,4.66101131071191,53.99301397205589,-15.903193612774452
Right_a10p,glasser_cortex,26.057628979143796,61.538968166849614,-7.5801317233809
Right_10pp,glasser_cortex,14.005438477226377,62.40244731475187,-15.33718558803535
Right_11l,glasser_cortex,26.068181818181817,48.03733766233766,-15.205898268398268
Right_13l,glasser_cortex,22.04249404289118,29.76767275615568,-17.5285941223193
Right_OFC,glasser_cortex,9.445642978003384,34.60532994923858,-23.70939086294416
Right_47s,glasser_cortex,31.9119341563786,23.494238683127573,-18.840740740740742
Right_LIPd,glasser_cortex,29.596828046744573,-51.91402337228715,43.55175292153589
Right_6a,glasser_cortex,27.764390730127086,-1.3317966608522303,53.73972090705208
Right_i6-8,glasser_cortex,34.77475102519039,9.157879320445225,58.95635618043351
Right_s6-8,glasser_cortex,21.980123902942694,18.46437790397522,60.1133195663397
Right_43,glasser_cortex,56.92636407532593,0.6265089328826654,9.966441332689522
Right_OP4,glasser_cortex,58.392206846321926,-11.479606700655498,15.705753823743628
Right_OP1,glasser_cortex,43.98250460405156,-18.92633517495396,19.986187845303867
Right_OP2-3,glasser_cortex,39.23122065727699,-12.630281690140846,18.741784037558684
Right_52,glasser_cortex,39.4449378330373,-18.762877442273535,0.9902309058614565
Right_RI,glasser_cortex,41.444700460829495,-29.789005924950626,19.460500329163924
Right_PFcm,glasser_cortex,49.31612258494337,-27.17221852098601,22.83910726182545
Right_PoI2,glasser_cortex,40.42510508215514,-0.13316774933129538,-0.18742835307604128
Right_TA2,glasser_cortex,51.484697272122425,1.8972055888223553,-5.253160345974718
Right_FOP4,glasser_cortex,38.71636240703178,14.816430020283976,8.243069641649763
Right_MI,glasser_cortex,37.066383257030736,12.573904512753433,2.292020928711576
Right_Pir,glasser_cortex,32.404522613065325,8.261306532663317,-18.469221105527637
Right_AVI,glasser_cortex,32.807504575960955,26.447528981086027,-3.0655887736424647
Right_AAIC,glasser_cortex,33.49329359165425,17.237704918032787,-10.938152011922504
Right_FOP1,glasser_cortex,47.49455337690632,4.395424836601308,6.234204793028322
Right_FOP3,glasser_cortex,34.81949458483754,8.353790613718411,12.048736462093864
Right_FOP2,glasser_cortex,40.96723646723647,-1.4458689458689458,15.782051282051283
Right_PFt,glasser_cortex,56.04605845881311,-21.192205491585472,40.28609388839681
Right_AIP,glasser_cortex,38.58990011098779,-38.444506104328525,45.665371809100996
Right_EC,glasser_cortex,21.076190476190476,-11.969642857142857,-28.96011904761905
Right_PreS,glasser_cortex,17.382213438735178,-32.38379446640316,-10.873913043478261
Right_H,glasser_cortex,26.958390804597702,-20.255402298850576,-17.604367816091955
Right_ProS,glasser_cortex,22.144644644644643,-49.0995995995996,3.383883883883884
Right_PeEc,glasser_cortex,30.57893438579181,-8.469166255550075,-34.13788850518007
Right_STGa,glasser_cortex,51.09175607001694,15.20807453416149,-17.270750988142293
Right_PBelt,glasser_cortex,57.18714285714286,-17.86642857142857,8.646428571428572
Right_A5,glasser_cortex,63.258370535714285,-13.324497767857142,-2.1484375
Right_PHA1,glasser_cortex,23.196202531645568,-34.33122362869198,-15.520393811533053
Right_PHA3,glasser_cortex,34.37248322147651,-36.39261744966443,-14.717002237136466
Right_STSda,glasser_cortex,53.22371638141809,-1.3973105134474328,-14.057864710676446
Right_STSdp,glasser_cortex,50.12387475538161,-26.485518590998044,-1.2542074363992173
Right_STSvp,glasser_cortex,58.45544346364019,-29.517234131988232,-4.03551912568306
Right_TGd,glasser_cortex,38.556179775280896,14.27013546151423,-34.728289404599394
Right_TE1a,glasser_cortex,60.35135477336034,-1.553431248417321,-24.249810078500886
Right_TE1p,glasser_cortex,62.11633700739846,-42.07300317076854,-12.151064472293523
Right_TE2a,glasser_cortex,55.715669755686605,-16.566891322662173,-29.93487784330244
Right_TF,glasser_cortex,41.82117089259946,-20.622448979591837,-28.51772830344259
Right_TE2p,glasser_cortex,48.55221843003413,-38.76552901023891,-20.027986348122866
Right_PHT,glasser_cortex,60.16257995735608,-54.82062899786781,-3.2790511727078893
Right_PH,glasser_cortex,48.60292431192661,-61.862098623853214,-11.03038990825688
Right_TPOJ1,glasser_cortex,54.987775061124694,-41.710268948655255,10.65916870415648
Right_TPOJ2,glasser_cortex,54.02537776055792,-56.970747772181326,8.39345215032933
Right_TPOJ3,glasser_cortex,44.46122059758424,-62.37412587412587,16.860457724094086
Right_DVT,glasser_cortex,21.721970554926386,-68.1466591166478,32.860702151755376
Right_PGp,glasser_cortex,42.75593220338983,-78.28329297820824,26.967070217917676
Right_IP2,glasser_cortex,43.06603773584906,-43.30862533692722,45.449865229110515
Right_IP1,glasser_cortex,35.833614153327716,-63.7346251053075,45.94734625105308
Right_IP0,glasser_cortex,34.35030395136778,-71.64437689969606,31.101823708206688
Right_PFop,glasser_cortex,62.810344827586206,-18.109549071618037,26.215649867374005
Right_PF,glasser_cortex,61.03906071019473,-29.670217640320732,37.66151202749141
Right_PFm,glasser_cortex,53.7593788266726,-47.02087275965713,44.200768117555384
Right_PGi,glasser_cortex,51.418102790910474,-57.435641299374716,26.38424584413604
Right_PGs,glasser_cortex,46.12864583333333,-66.61875,43.27135416666667
Right_V6A,glasser_cortex,23.88340486409156,-82.10801144492132,46.2997138769671
Right_VMV1,glasser_cortex,18.981179422835634,-54.80677540777917,-7.030740276035131
Right_VMV3,glasser_cortex,28.25146771037182,-58.99608610567515,-9.415851272015656
Right_PHA2,glasser_cortex,31.247191011235955,-34.140449438202246,-12.839887640449438
Right_V4t,glasser_cortex,50.41822429906542,-75.2196261682243,-0.5981308411214953
Right_FST,glasser_cortex,47.28812785388128,-63.66438356164384,-1.310958904109589
Right_V3CD,glasser_cortex,36.84032411820782,-82.16634890371783,14.971877979027646
Right_LO3,glasser_cortex,45.413246268656714,-75.72667910447761,11.777985074626866
Right_VMV2,glasser_cortex,27.75361512791991,-54.05617352614016,-5.561179087875417
Right_31pd,glasser_cortex,11.165133394664213,-51.99862005519779,37.79070837166513
Right_31a,glasser_cortex,6.718527315914489,-40.42874109263658,42.65914489311164
Right_VVC,glasser_cortex,29.31977186311787,-44.703041825095056,-17.66958174904943
Right_25,glasser_cortex,4.279605263157895,23.095394736842106,-12.62390350877193
Right_s32,glasser_cortex,5.306779661016949,36.25819209039548,-13.62316384180791
Right_pOFC,glasser_cortex,14.559803921568628,14.346078431372549,-18.840196078431372
Right_PoI1,glasser_cortex,38.77023737066342,-8.21880706025563,-4.888922702373707
Right_Ig,glasser_cortex,36.99145299145299,-11.290598290598291,13.311965811965813
Right_FOP5,glasser_cortex,37.5808402291534,27.849458943348186,5.42488860598345
Right_p10p,glasser_cortex,25.38830188679245,60.91735849056604,5.128301886792453
Right_p47r,glasser_cortex,46.22727272727273,44.65488215488215,-3.390812890812891
Right_TGv,glasser_cortex,36.4735906551549,-0.4464195022854241,-44.97917724733367
Right_MBelt,glasser_cortex,46.269520225776105,-14.861241768579491,4.674035747883349
Right_LBelt,glasser_cortex,47.87368922783603,-23.74880838894185,10.69161105815062
Right_A4,glasser_cortex,64.77240143369175,-14.9118605408928,7.334147930922125
Right_STSva,glasser_cortex,54.36831955922865,-9.29504132231405,-16.24986225895317
Right_TE1m,glasser_cortex,65.23051558752998,-22.427158273381295,-15.152877697841726
Right_PI,glasser_cortex,44.84424778761062,-2.7787610619469025,-12.389380530973451
Right_a32pr,glasser_cortex,11.304651162790698,27.2646511627907,31.122325581395348
Right_p24,glasser_cortex,5.590439276485788,37.06692506459948,16.692248062015505
LH-Pu,four_s156_subcortex,-25.48949660561035,1.4190470090944025,0.918342513129243
LH-Ca,four_s156_subcortex,-14.255952380952381,7.505662020905923,9.335801393728223
LH-NAC,four_s156_subcortex,-9.672291296625222,8.482238010657193,-9.796625222024867
LH-EXA,four_s156_subcortex,-6.9421487603305785,3.347107438016529,-0.4380165289256198
LH-GPe,four_s156_subcortex,-18.898333333333333,-0.8983333333333333,0.07833333333333334
LH-GPi,four_s156_subcortex,-16.976650563607084,-4.706119162640902,-4.045893719806763
LH-SNc_PBP_VTA,four_s156_subcortex,-7.0331564986737405,-18.720159151193634,-13.218832891246684
LH-RN,four_s156_subcortex,-4.675166297117516,-18.943458980044348,-8.919068736141908
LH-SNr,four_s156_subcortex,-9.772941176470589,-15.909411764705883,-12.987058823529411
LH-VeP,four_s156_subcortex,-11.58955223880597,3.3134328358208953,-8.649253731343284
LH-HN,four_s156_subcortex,-2.8181818181818183,-23.393939393939394,3.242424242424242
LH-HTH,four_s156_subcortex,-4.196798493408663,-3.3022598870056497,-9.500941619585687
LH-MN,four_s156_subcortex,-1.9952380952380953,-7.395238095238096,-14.147619047619047
LH-STH,four_s156_subcortex,-10.636363636363637,-12.231404958677686,-7.136363636363637
RH-Pu,four_s156_subcortex,26.12406788377475,2.893288763178195,0.653767035227565
RH-Ca,four_s156_subcortex,14.947704081632653,8.706916099773242,9.788407029478458
RH-NAC,four_s156_subcortex,9.98892674616695,9.37563884156729,-9.479557069846678
RH-EXA,four_s156_subcortex,7.5,4.196356275303644,-0.15991902834008098
RH-GPe,four_s156_subcortex,19.65391156462585,0.3273809523809524,0.05102040816326531
RH-GPi,four_s156_subcortex,17.62578616352201,-3.5833333333333335,-4.00314465408805
RH-SNc_PBP_VTA,four_s156_subcortex,7.8,-18.419444444444444,-13.280555555555555
RH-RN,four_s156_subcortex,5.38135593220339,-18.595338983050848,-8.911016949152541
RH-SNr,four_s156_subcortex,10.537861915367483,-15.477728285077951,-12.998886414253898
RH-VeP,four_s156_subcortex,12.227891156462585,4.5272108843537415,-8.255102040816327
RH-HN,four_s156_subcortex,4.076271186440678,-22.635593220338983,3.1779661016949152
RH-HTH,four_s156_subcortex,4.694371152154793,-2.782321899736148,-9.513192612137203
RH-MN,four_s156_subcortex,2.652542372881356,-7.313559322033898,-14.254237288135593
RH-STH,four_s156_subcortex,11.320512820512821,-11.44017094017094,-7.17948717948718
LH-Pulvinar,four_s156_subcortex,-19.694108364018938,-30.3753287743293,2.9844818516570224
LH-Anterior,four_s156_subcortex,-7.292122538293216,-5.532822757111598,2.8566739606126914
LH-Medio_Dorsal,four_s156_subcortex,-5.9264326277749095,-16.62441920495612,3.5351058337635517
LH-Ventral_Latero_Dorsal,four_s156_subcortex,-15.754381006218203,-20.640757490107404,13.808648954211419
LH-Central_Lateral-Lateral_Posterior-Medial_Pulvinar,four_s156_subcortex,-10.695203197868087,-27.05896069287142,6.104930046635577
LH-Ventral_Anterior,four_s156_subcortex,-11.049087321164283,-9.793537247163295,12.216329551060682
LH-Ventral_Latero_Ventral,four_s156_subcortex,-17.226300784034212,-18.921240199572345,1.8627940128296507
RH-Pulvinar,four_s156_subcortex,18.686708860759495,-29.102320675105485,3.4741561181434597
RH-Anterior,four_s156_subcortex,8.06686201385189,-4.6470431539691,4.6518380394246135
RH-Medio_Dorsal,four_s156_subcortex,5.791942604856512,-14.339403973509933,3.3002207505518766
RH-Ventral_Latero_Dorsal,four_s156_subcortex,15.814453125,-21.401041666666668,13.39453125
RH-Central_Lateral-Lateral_Posterior-Medial_Pulvinar,four_s156_subcortex,9.419275123558485,-23.97693574958814,5.099670510708402
RH-Ventral_Anterior,four_s156_subcortex,12.380102040816327,-10.519387755102041,12.948979591836734
RH-Ventral_Latero_Ventral,four_s156_subcortex,17.71179815209666,-17.689765458422176,2.4282160625444207
LH_Hippocampus,four_s156_subcortex,-25.639637432631062,-21.580352768250858,-14.16911644618651
LH_Amygdala,four_s156_subcortex,-23.360171218915614,-4.120872401141459,-19.854667753770894
RH_Hippocampus,four_s156_subcortex,26.56099725673713,-20.366225593028886,-14.175972244634501
RH_Amygdala,four_s156_subcortex,23.98200869909055,-3.071767497034401,-19.80684064847766
Cerebellar_Region1,four_s156_subcortex,-15.892897214498268,-53.183155275867115,-26.15154397775501
Cerebellar_Region2,four_s156_subcortex,15.789979134342731,-52.17995291851693,-27.756112567545877
Cerebellar_Region3,four_s156_subcortex,-1.887567152724482,-61.94384753133794,-30.937537307069157
Cerebellar_Region4,four_s156_subcortex,-5.336486933509758,-54.072444591465434,-49.31111478663579
Cerebellar_Region5,four_s156_subcortex,-27.964913922155688,-67.58037050898204,-35.89993450598802
Cerebellar_Region6,four_s156_subcortex,18.347930394728426,-58.91353720171454,-34.028980871345404
Cerebellar_Region7,four_s156_subcortex,-16.087978232189975,-73.90427110817942,-37.01426451187335
Cerebellar_Region8,four_s156_subcortex,18.21331696480767,-75.60388167894305,-35.36858412253011
Cerebellar_Region9,four_s156_subcortex,33.6982117849833,-68.81412258968005,-39.17424324033179
Cerebellar_Region10,four_s156_subcortex,-14.598125606750802,-61.73978791725786,-44.586849376446864
AF_L_core,hcp1065_tract_third,-36.181209564208984,-30.690174102783203,29.344343185424805
AF_L_end-A,hcp1065_tract_third,-37.7061767578125,10.901763916015625,23.93354606628418
AF_L_end-P,hcp1065_tract_third,-46.632057189941406,-41.73491287231445,-1.0528159141540527
AF_R_core,hcp1065_tract_third,33.65993881225586,-22.83218765258789,32.41365432739258
AF_R_end-A,hcp1065_tract_third,31.97325897216797,15.048832893371582,21.667564392089844
AF_R_end-P,hcp1065_tract_third,41.464393615722656,-50.0447998046875,8.979081153869629
AR_L_core,hcp1065_tract_third,-33.96133804321289,-29.097816467285156,4.562360763549805
AR_L_end-I,hcp1065_tract_third,-18.371234893798828,-25.572866439819336,-0.25612306594848633
AR_L_end-S,hcp1065_tract_third,-31.38605308532715,-40.57057571411133,18.119190216064453
AR_R_core,hcp1065_tract_third,34.211273193359375,-30.48853874206543,7.1878180503845215
AR_R_end-I,hcp1065_tract_third,22.214387893676758,-25.5030460357666,0.6478610038757324
AR_R_end-S,hcp1065_tract_third,33.99001693725586,-41.10124969482422,17.955347061157227
CBT_L_core,hcp1065_tract_third,-18.93295669555664,-10.117205619812012,0.3740043342113495
CBT_L_end-I,hcp1065_tract_third,-4.05795431137085,-25.94441795349121,-34.44136428833008
CBT_L_end-S,hcp1065_tract_third,-42.92452621459961,-2.6762502193450928,21.105424880981445
CBT_R_core,hcp1065_tract_third,20.903379440307617,-10.314871788024902,0.7712035179138184
CBT_R_end-I,hcp1065_tract_third,5.035531520843506,-24.79326820373535,-34.522491455078125
CBT_R_end-S,hcp1065_tract_third,43.04644012451172,-2.1933507919311523,23.630107879638672
CPT_F_L_core,hcp1065_tract_third,-19.679216384887695,1.8945481777191162,8.752152442932129
CPT_F_L_end-I,hcp1065_tract_third,-6.317068576812744,-17.503761291503906,-21.384965896606445
CPT_F_L_end-S,hcp1065_tract_third,-18.219383239746094,14.628323554992676,40.060699462890625
CPT_F_R_core,hcp1065_tract_third,22.00850486755371,-0.6866925358772278,8.986759185791016
CPT_F_R_end-I,hcp1065_tract_third,8.343975067138672,-18.25100326538086,-22.54450225830078
CPT_F_R_end-S,hcp1065_tract_third,20.580509185791016,11.775920867919922,41.65384292602539
CPT_O_L_core,hcp1065_tract_third,-30.145912170410156,-30.42209243774414,4.123580455780029
CPT_O_L_end-I,hcp1065_tract_third,-11.089957237243652,-21.495975494384766,-22.00800323486328
CPT_O_L_end-S,hcp1065_tract_third,-27.102291107177734,-66.47755432128906,14.575730323791504
CPT_O_R_core,hcp1065_tract_third,29.619159698486328,-26.169050216674805,3.779973268508911
CPT_O_R_end-I,hcp1065_tract_third,11.78049373626709,-21.446123123168945,-23.717262268066406
CPT_O_R_end-S,hcp1065_tract_third,30.60301971435547,-57.22664260864258,20.99552345275879
CPT_P_L_core,hcp1065_tract_third,-26.00184440612793,-25.258140563964844,13.061541557312012
CPT_P_L_end-I,hcp1065_tract_third,-12.2437162399292,-21.83963966369629,-22.667383193969727
CPT_P_L_end-S,hcp1065_tract_third,-22.458106994628906,-42.423622131347656,49.02322006225586
CPT_P_R_core,hcp1065_tract_third,25.480403900146484,-17.561351776123047,11.426862716674805
CPT_P_R_end-I,hcp1065_tract_third,10.832345962524414,-21.32413673400879,-24.852916717529297
CPT_P_R_end-S,hcp1065_tract_third,23.364412307739258,-28.76581573486328,49.26228713989258
CST_L_core,hcp1065_tract_third,-22.382858276367188,-11.526679992675781,6.9825005531311035
CST_L_end-I,hcp1065_tract_third,-6.994538307189941,-22.852069854736328,-32.29203796386719
CST_L_end-S,hcp1065_tract_third,-23.486988067626953,-15.934460639953613,48.48402404785156
CST_R_core,hcp1065_tract_third,23.404399871826172,-11.006555557250977,5.329659938812256
CST_R_end-I,hcp1065_tract_third,7.096001148223877,-23.137432098388672,-32.67177963256836
CST_R_end-S,hcp1065_tract_third,25.789426803588867,-15.038331985473633,46.241371154785156
CS_A_L_core,hcp1065_tract_third,-21.719358444213867,33.509117126464844,6.498483180999756
CS_A_L_end-A,hcp1065_tract_third,-23.32081413269043,45.455284118652344,9.258970260620117
CS_A_L_end-P,hcp1065_tract_third,-19.942495346069336,19.485549926757812,2.984609603881836
CS_A_R_core,hcp1065_tract_third,23.81749725341797,34.489166259765625,7.845536708831787
CS_A_R_end-A,hcp1065_tract_third,22.925094604492188,46.328975677490234,11.107377052307129
CS_A_R_end-P,hcp1065_tract_third,22.146135330200195,21.26368522644043,3.569603681564331
CS_P_L_core,hcp1065_tract_third,-28.430328369140625,-39.09280014038086,21.75575065612793
CS_P_L_end-I,hcp1065_tract_third,-29.128530502319336,-21.760311126708984,4.30592155456543
CS_P_L_end-S,hcp1065_tract_third,-22.202112197875977,-53.083045959472656,39.2736701965332
CS_P_R_core,hcp1065_tract_third,32.549407958984375,-42.800376892089844,17.612895965576172
CS_P_R_end-I,hcp1065_tract_third,31.69546127319336,-23.504247665405273,3.4555561542510986
CS_P_R_end-S,hcp1065_tract_third,29.65329933166504,-59.93412780761719,29.203351974487305
CS_S_L_core,hcp1065_tract_third,-24.466150283813477,-0.23378726840019226,31.324609756469727
CS_S_L_end-I,hcp1065_tract_third,-25.095401763916016,-0.8350536227226257,15.029229164123535
CS_S_L_end-S,hcp1065_tract_third,-23.533071517944336,1.2134801149368286,46.5482063293457
CS_S_R_core,hcp1065_tract_third,27.224870681762695,0.16784951090812683,30.352994918823242
CS_S_R_end-I,hcp1065_tract_third,26.712236404418945,-0.11586308479309082,14.970162391662598
CS_S_R_end-S,hcp1065_tract_third,26.765872955322266,1.1137303113937378,44.25960159301758
C_FPH_L_core,hcp1065_tract_third,-7.008776664733887,-20.94293785095215,33.267127990722656
C_FPH_L_end-A,hcp1065_tract_third,-5.976924419403076,15.293158531188965,29.90940284729004
C_FPH_L_end-P,hcp1065_tract_third,-10.567591667175293,-48.90285110473633,18.27483558654785
C_FPH_R_core,hcp1065_tract_third,10.106771469116211,-13.706701278686523,31.281435012817383
C_FPH_R_end-A,hcp1065_tract_third,12.108522415161133,23.17633056640625,25.962114334106445
C_FPH_R_end-P,hcp1065_tract_third,9.669490814208984,-45.85603332519531,19.628286361694336
C_FP_L_core,hcp1065_tract_third,-8.220051765441895,-2.66148042678833,31.532617568969727
C_FP_L_end-A,hcp1065_tract_third,-9.651166915893555,25.89844512939453,27.89667510986328
C_FP_L_end-P,hcp1065_tract_third,-10.295974731445312,-32.554744720458984,33.87776565551758
C_FP_R_core,hcp1065_tract_third,7.837282180786133,-8.183451652526855,33.46794891357422
C_FP_R_end-A,hcp1065_tract_third,8.164133071899414,19.040019989013672,28.393892288208008
C_FP_R_end-P,hcp1065_tract_third,11.413808822631836,-36.347930908203125,33.431148529052734
C_PHP_L_core,hcp1065_tract_third,-13.101495742797852,-49.54026794433594,12.983572006225586
C_PHP_L_end-I,hcp1065_tract_third,-19.41992950439453,-30.96687889099121,-14.131093978881836
C_PHP_L_end-S,hcp1065_tract_third,-13.848180770874023,-63.779930114746094,39.015342712402344
C_PHP_R_core,hcp1065_tract_third,12.690046310424805,-46.64824676513672,13.148123741149902
C_PHP_R_end-I,hcp1065_tract_third,20.343978881835938,-28.839466094970703,-14.478076934814453
C_PHP_R_end-S,hcp1065_tract_third,15.794957160949707,-59.436893463134766,40.01560592651367
C_PH_L_core,hcp1065_tract_third,-20.44758415222168,-27.585451126098633,-16.88349151611328
C_PH_L_end-I,hcp1065_tract_third,-23.77367401123047,-19.50370979309082,-26.515932083129883
C_PH_L_end-S,hcp1065_tract_third,-17.807422637939453,-35.71805191040039,-7.203141212463379
C_PH_R_core,hcp1065_tract_third,21.980976104736328,-25.3951358795166,-16.90201187133789
C_PH_R_end-I,hcp1065_tract_third,23.89134407043457,-18.317537307739258,-25.79169273376465
C_PH_R_end-S,hcp1065_tract_third,20.181150436401367,-32.66988754272461,-8.222957611083984
C_PO_L_core,hcp1065_tract_third,-5.963153839111328,14.129312515258789,28.28014373779297
C_PO_L_end-A,hcp1065_tract_third,-7.398610591888428,36.18524169921875,2.4162850379943848
C_PO_L_end-P,hcp1065_tract_third,-7.010246276855469,-21.303585052490234,33.26423645019531
C_PO_R_core,hcp1065_tract_third,5.963153839111328,14.129312515258789,28.28014373779297
C_PO_R_end-A,hcp1065_tract_third,7.398610591888428,36.18524169921875,2.4162850379943848
C_PO_R_end-P,hcp1065_tract_third,7.010246276855469,-21.303585052490234,33.26423645019531
DRTT_L_core,hcp1065_tract_third,-15.79658031463623,-7.33901834487915,4.018772602081299
DRTT_L_end-I,hcp1065_tract_third,-1.1932443380355835,-39.15757751464844,-23.963886260986328
DRTT_L_end-S,hcp1065_tract_third,-17.845903396606445,4.3350830078125,45.6646614074707
DRTT_R_core,hcp1065_tract_third,17.219329833984375,-12.322434425354004,4.40487813949585
DRTT_R_end-I,hcp1065_tract_third,5.5989990234375,-40.19871139526367,-24.37603759765625
DRTT_R_end-S,hcp1065_tract_third,20.9772891998291,-9.434932708740234,46.604270935058594
EMC_L_core,hcp1065_tract_third,-29.93930435180664,-26.392107009887695,21.881975173950195
EMC_L_end-I,hcp1065_tract_third,-35.9599609375,-3.8234121799468994,-3.1532399654388428
EMC_L_end-S,hcp1065_tract_third,-25.607919692993164,-37.685184478759766,54.263832092285156
EMC_R_core,hcp1065_tract_third,29.797197341918945,-29.87793731689453,20.574214935302734
EMC_R_end-I,hcp1065_tract_third,35.69961929321289,-8.319178581237793,-2.0162551403045654
EMC_R_end-S,hcp1065_tract_third,23.988370895385742,-44.543357849121094,49.255088806152344
FAT_L_core,hcp1065_tract_third,-27.471155166625977,6.677013874053955,32.06621170043945
FAT_L_end-I,hcp1065_tract_third,-48.433101654052734,7.779216289520264,16.512367248535156
FAT_L_end-S,hcp1065_tract_third,-15.506515502929688,12.0680513381958,56.793949127197266
FAT_R_core,hcp1065_tract_third,26.62274169921875,9.506359100341797,30.582185745239258
FAT_R_end-I,hcp1065_tract_third,45.73773193359375,12.62913990020752,15.643460273742676
FAT_R_end-S,hcp1065_tract_third,17.367557525634766,13.068863868713379,54.39435958862305
F_L_core,hcp1065_tract_third,-8.778932571411133,-27.719823837280273,14.135048866271973
F_L_end-L,hcp1065_tract_third,-25.193832397460938,-29.611499786376953,-2.8650054931640625
F_L_end-M,hcp1065_tract_third,-2.017765522003174,-2.773080587387085,5.054553031921387
F_R_core,hcp1065_tract_third,14.154175758361816,-26.720149993896484,14.92664623260498
F_R_end-L,hcp1065_tract_third,28.688215255737305,-24.32259750366211,-6.241476058959961
F_R_end-M,hcp1065_tract_third,2.0523018836975098,-3.3758578300476074,5.214268207550049
IFOF_L_core,hcp1065_tract_third,-37.57707977294922,-19.648447036743164,-6.535150527954102
IFOF_L_end-A,hcp1065_tract_third,-23.992586135864258,35.50478744506836,-1.3099486827850342
IFOF_L_end-P,hcp1065_tract_third,-28.167295455932617,-75.89114379882812,7.677889347076416
IFOF_R_core,hcp1065_tract_third,36.12657928466797,-14.447396278381348,-7.820734977722168
IFOF_R_end-A,hcp1065_tract_third,25.00083351135254,35.55851745605469,-1.0933245420455933
IFOF_R_end-P,hcp1065_tract_third,30.934505462646484,-64.4672622680664,4.500227451324463
ILF_L_core,hcp1065_tract_third,-37.03112030029297,-48.68743133544922,3.1457886695861816
ILF_L_end-A,hcp1065_tract_third,-44.09012222290039,-16.577835083007812,-14.581342697143555
ILF_L_end-P,hcp1065_tract_third,-22.72878646850586,-82.43952941894531,7.040402889251709
ILF_R_core,hcp1065_tract_third,37.57181930541992,-46.04190444946289,1.4926481246948242
ILF_R_end-A,hcp1065_tract_third,41.284358978271484,-14.412066459655762,-17.301105499267578
ILF_R_end-P,hcp1065_tract_third,26.34138298034668,-73.7132797241211,16.03668212890625
ML_L_core,hcp1065_tract_third,-22.165515899658203,-20.90033531188965,8.70718002319336
ML_L_end-I,hcp1065_tract_third,-8.730315208435059,-35.40095520019531,-28.27468490600586
ML_L_end-S,hcp1065_tract_third,-21.059616088867188,-32.160438537597656,51.2308235168457
ML_R_core,hcp1065_tract_third,22.393468856811523,-17.943992614746094,7.972339153289795
ML_R_end-I,hcp1065_tract_third,9.345159530639648,-35.301513671875,-27.754255294799805
ML_R_end-S,hcp1065_tract_third,21.53713607788086,-28.010671615600586,50.75485610961914
MdLF_L_core,hcp1065_tract_third,-30.764925003051758,-34.54226303100586,15.897088050842285
MdLF_L_end-I,hcp1065_tract_third,-50.474403381347656,-12.670427322387695,-1.91266667842865
MdLF_L_end-S,hcp1065_tract_third,-22.34682273864746,-54.2713508605957,44.94112777709961
MdLF_R_core,hcp1065_tract_third,31.96834945678711,-33.098602294921875,17.844757080078125
MdLF_R_end-I,hcp1065_tract_third,51.812835693359375,-14.975276947021484,2.9883806705474854
MdLF_R_end-S,hcp1065_tract_third,24.99310302734375,-51.17346954345703,44.097511291503906
OR_L_core,hcp1065_tract_third,-34.45101547241211,-53.435325622558594,5.857071876525879
OR_L_end-A,hcp1065_tract_third,-25.167234420776367,-27.605173110961914,0.747145414352417
OR_L_end-P,hcp1065_tract_third,-17.69819450378418,-84.28861999511719,5.815728187561035
OR_R_core,hcp1065_tract_third,34.79164505004883,-54.09977340698242,7.770727634429932
OR_R_end-A,hcp1065_tract_third,24.94361114501953,-28.145505905151367,2.9629409313201904
OR_R_end-P,hcp1065_tract_third,20.368223190307617,-83.89525604248047,5.365114688873291
PAT_L_core,hcp1065_tract_third,-38.380393981933594,-50.75586700439453,15.639239311218262
PAT_L_end-I,hcp1065_tract_third,-47.387786865234375,-50.95123291015625,-1.309345006942749
PAT_L_end-S,hcp1065_tract_third,-44.328575134277344,-53.137943267822266,31.88241195678711
PAT_R_core,hcp1065_tract_third,40.279762268066406,-48.76866912841797,14.461790084838867
PAT_R_end-I,hcp1065_tract_third,49.15868377685547,-47.262176513671875,-0.764465868473053
PAT_R_end-S,hcp1065_tract_third,42.94088363647461,-50.782264709472656,29.517724990844727
RST_L_core,hcp1065_tract_third,-14.553632736206055,-0.526954174041748,5.237002849578857
RST_L_end-I,hcp1065_tract_third,-1.7083884477615356,-31.727142333984375,-20.52593994140625
RST_L_end-S,hcp1065_tract_third,-20.874635696411133,32.77791213989258,26.954593658447266
RST_R_core,hcp1065_tract_third,13.600916862487793,-0.3096100389957428,3.123189926147461
RST_R_end-I,hcp1065_tract_third,1.8898780345916748,-32.71204376220703,-23.760751724243164
RST_R_end-S,hcp1065_tract_third,23.15424156188965,36.80521774291992,16.23705291748047
SLF1_L_core,hcp1065_tract_third,-11.734085083007812,-6.118680953979492,36.51603698730469
SLF1_L_end-A,hcp1065_tract_third,-12.713580131530762,17.632457733154297,42.255760192871094
SLF1_L_end-P,hcp1065_tract_third,-15.941144943237305,-34.40024185180664,38.60322952270508
SLF1_R_core,hcp1065_tract_third,13.072589874267578,-6.8124284744262695,36.62724304199219
SLF1_R_end-A,hcp1065_tract_third,11.683131217956543,19.79486083984375,49.997501373291016
SLF1_R_end-P,hcp1065_tract_third,13.541876792907715,-33.30790710449219,50.28744125366211
SLF3_L_core,hcp1065_tract_third,-44.24689483642578,-20.558944702148438,29.271690368652344
SLF3_L_end-A,hcp1065_tract_third,-52.042259216308594,-3.8622164726257324,20.731046676635742
SLF3_L_end-P,hcp1065_tract_third,-50.204315185546875,-37.83384323120117,32.491939544677734
SLF3_R_core,hcp1065_tract_third,42.73283004760742,-14.022255897521973,27.98790740966797
SLF3_R_end-A,hcp1065_tract_third,47.16389465332031,1.7361247539520264,17.129135131835938
SLF3_R_end-P,hcp1065_tract_third,46.185691833496094,-30.87483787536621,36.634742736816406
TR_A_L_core,hcp1065_tract_third,-19.471942901611328,22.356189727783203,7.226922512054443
TR_A_L_end-A,hcp1065_tract_third,-23.705366134643555,41.94261169433594,10.909432411193848
TR_A_L_end-P,hcp1065_tract_third,-9.904354095458984,0.6753312349319458,6.582898139953613
TR_A_R_core,hcp1065_tract_third,21.74562644958496,21.822853088378906,7.381570339202881
TR_A_R_end-A,hcp1065_tract_third,25.634483337402344,42.568660736083984,10.677072525024414
TR_A_R_end-P,hcp1065_tract_third,11.5436429977417,0.16628889739513397,4.696179389953613
TR_P_L_core,hcp1065_tract_third,-29.493703842163086,-46.937103271484375,21.18589210510254
TR_P_L_end-A,hcp1065_tract_third,-24.029518127441406,-30.94746971130371,10.712916374206543
TR_P_L_end-P,hcp1065_tract_third,-24.09514808654785,-61.687191009521484,33.31816482543945
TR_P_R_core,hcp1065_tract_third,33.77123260498047,-45.57832336425781,16.091135025024414
TR_P_R_end-A,hcp1065_tract_third,24.748992919921875,-28.70217514038086,9.842785835266113
TR_P_R_end-P,hcp1065_tract_third,30.133222579956055,-63.58222961425781,27.507461547851562
TR_S_L_core,hcp1065_tract_third,-24.873023986816406,-5.153625965118408,25.785791397094727
TR_S_L_end-I,hcp1065_tract_third,-17.20140838623047,-11.242366790771484,12.377620697021484
TR_S_L_end-S,hcp1065_tract_third,-29.190479278564453,-2.0639846324920654,38.647789001464844
TR_S_R_core,hcp1065_tract_third,26.90854263305664,-10.331853866577148,28.246610641479492
TR_S_R_end-I,hcp1065_tract_third,19.97834014892578,-13.988962173461914,14.452022552490234
TR_S_R_end-S,hcp1065_tract_third,31.152677536010742,-7.898449420928955,40.56616973876953
UF_L_core,hcp1065_tract_third,-25.156064987182617,12.507698059082031,-12.306986808776855
UF_L_end-A,hcp1065_tract_third,-19.238452911376953,35.605690002441406,-11.849244117736816
UF_L_end-P,hcp1065_tract_third,-36.446929931640625,-0.13906429708003998,-23.208698272705078
UF_R_core,hcp1065_tract_third,23.724510192871094,14.987166404724121,-10.54647445678711
UF_R_end-A,hcp1065_tract_third,18.395479202270508,41.987003326416016,-10.57778263092041
UF_R_end-P,hcp1065_tract_third,36.70597839355469,1.6146043539047241,-24.335676193237305
VOF_L_core,hcp1065_tract_third,-26.509387969970703,-79.14144134521484,10.443925857543945
VOF_L_end-I,hcp1065_tract_third,-33.22711944580078,-78.18603515625,-1.6801300048828125
VOF_L_end-S,hcp1065_tract_third,-20.828304290771484,-86.38249969482422,21.381025314331055
VOF_R_core,hcp1065_tract_third,27.170867919921875,-78.78404998779297,8.820052146911621
VOF_R_end-I,hcp1065_tract_third,32.75442123413086,-78.03126525878906,-1.177801489830017
VOF_R_end-S,hcp1065_tract_third,24.341487884521484,-85.81150817871094,17.824663162231445
