label,x,y,z,rank_ap,rank_dv,rank_ml,rank_sa
Left_V1,-9.453338489301366,-84.8347512245424,2.5529775715390564,351,241,56,2.0
Left_MST,-41.178885630498534,-67.13636363636364,7.843108504398827,309,216,242,39.0
Left_V6,-14.562146892655367,-78.79661016949153,31.35946327683616,335,121,87,17.5
Left_V2,-9.378169014084508,-81.47253521126761,5.582834507042254,342,226,54,3.0
Left_V3,-15.68245655796239,-85.88859795286837,7.816472268507498,355,217,90,4.0
Left_V4,-27.84086692528251,-87.07868105920053,-0.15559116208466858,357,249,146,14.0
Left_V8,-30.363095238095237,-76.09268707482993,-12.698979591836734,330,302,161,12.0
Left_4,-27.858705994291153,-19.470884871550904,55.77802093244529,180,34,147,13.0
Left_3b,-37.95259792166267,-22.649800159872104,54.44660271782574,195,37,207,7.0
Left_FEF,-40.53897550111358,-5.239977728285078,51.94766146993319,146,50,232,85.0
Left_PEF,-48.68915801614764,0.17358708189158017,40.12975778546713,126,89,294,117.0
Left_55b,-48.61120957022597,-0.4428444838280904,50.5509525919362,129,54,293,114.5
Left_V3A,-16.476504534212697,-90.0717230008244,28.095218466611705,360,134,93,9.0
Left_RSC,-5.426404995539697,-37.47725245316681,20.37734165923283,230,160,23,63.0
Left_POS2,-9.260311871227364,-72.71227364185111,39.53495975855131,323,93,53,89.0
Left_V7,-24.506172839506174,-84.53950617283951,30.7679012345679,349,127,128,26.0
Left_IPS1,-23.92874396135266,-73.86111111111111,38.4987922705314,325,99,126,24.0
Left_FFC,-42.02573099415205,-60.947953216374266,-18.06608187134503,292,335,246,46.0
Left_V3B,-26.71475625823452,-81.22859025032938,18.618577075098813,340,172,137,15.0
Left_LO1,-37.56060606060606,-84.85642135642135,5.91991341991342,352,224,205,28.0
Left_LO2,-42.93076923076923,-86.14615384615385,-3.5760180995475115,356,270,251,31.0
Left_PIT,-39.10540970564837,-84.56682577565633,-13.827764518695306,350,308,221,22.0
Left_MT,-44.54602510460251,-72.57252440725244,9.142956764295677,321,209,262,52.0
Left_A1,-43.40645463049579,-23.877923292797007,12.385874649204863,201,193,257,50.0
Left_PSL,-58.30923507462686,-45.02751865671642,24.827891791044777,251,150,336,96.0
Left_SFL,-8.393045443133317,16.88990710519709,64.32500627667588,82,16,48,154.5
Left_PCV,-5.888464800678541,-51.17811704834605,50.88931297709924,263,52,26,70.0
Left_STV,-61.94233726294208,-49.42721681189134,17.201178882624294,260,175,350,82.5
Left_7Pm,-5.031984334203655,-68.11357702349869,53.077023498694516,311,44,15,74.0
Left_7m,-3.9687148744848257,-63.27444735856126,37.6566129636568,299,103,5,136.0
Left_POS1,-12.602229054573405,-58.28209069946195,15.798232129131437,285,180,75,94.0
Left_23d,-2.9030075187969926,-21.162406015037593,39.250375939849626,188,95,2,139.0
Left_v23ab,-3.4343396226415095,-58.39433962264151,19.316603773584905,287,168,3,149.0
Left_d23ab,-3.480782429649966,-42.47529169526424,31.347632120796156,245,122,4,153.0
Left_31pv,-10.321689259645463,-46.19760166840459,32.544838373305524,255,116,61,134.0
Left_5m,-6.304830287206267,-40.6233681462141,63.17167101827676,240,20,29,5.0
Left_5mv,-13.831626120358514,-36.20422535211268,50.26440460947503,225,55,80,19.0
Left_23c,-11.611275964391691,-30.712166172106826,43.231454005934715,213,79,70,68.0
Left_5L,-14.491981672394044,-46.12256586483391,72.67640320733105,254,2,85,30.0
Left_24dd,-6.816024211532335,-16.351226505256452,51.052723797387706,172,51,37,33.0
Left_24dv,-9.098705501618124,-2.1666666666666665,45.71440129449838,138,64,51,62.0
Left_7AL,-20.949507389162562,-51.33702791461412,68.08866995073892,264,8,108,54.0
Left_SCEF,-6.327898550724638,3.8819875776397517,58.83048654244306,114,26,30,118.0
Left_6ma,-18.63142857142857,3.7253416149068324,68.8376397515528,115,5,97,116.0
Left_7Am,-8.1539780521262,-58.480109739369,63.28600823045267,288,18,45,57.0
Left_7PL,-13.930395913154534,-72.28991060025542,57.952107279693486,320,29,82,32.0
Left_7PC,-36.61133400200602,-48.16599799398195,63.481277164827816,258,17,196,36.0
Left_LIPv,-30.232737208147043,-58.32314952806756,56.32861400894188,286,32,159,72.5
Left_VIP,-23.231380337636544,-64.0953326713009,64.32869910625621,302,15,122,53.0
Left_MIP,-22.40450643776824,-65.8283261802575,47.753755364806864,305,58,117,59.0
Left_1,-45.442460949952185,-25.99792795664648,58.16114121772394,203,27,270,16.0
Left_2,-37.206984071416066,-33.8357255382461,54.06432697356905,220,40,200,25.0
Left_3a,-34.693535672053606,-20.507883326763896,43.705360662199446,185,75,184,10.0
Left_6d,-34.55216501875213,-13.330889873849301,67.20848960109103,164,9,183,11.0
Left_6mp,-12.401531728665208,-14.336858740578654,71.35679552637977,165,3,73,23.0
Left_6v,-59.2302752293578,4.103669724770643,33.0308868501529,113,113,341,78.0
Left_p24pr,-4.051826994780015,-3.737136465324385,40.439597315436245,142,86,6,106.0
Left_33pr,-2.5805860805860807,10.076312576312576,29.13736263736264,103,129,1,84.0
Left_a24pr,-5.383471074380165,17.223140495867767,32.006611570247934,80,118,22,120.0
Left_p32pr,-8.203436807095343,13.951219512195122,40.12749445676275,92,90,46,119.0
Left_a24,-6.189673622257892,42.14205457463884,-2.9355270197966825,31,264,27,177.0
Left_d32,-8.305297397769516,40.54879182156134,26.106877323420075,32,144,47,166.0
Left_8BM,-5.602283105022831,31.122222222222224,45.538660578386605,51,66,25,167.0
Left_p32,-11.313929313929314,50.44282744282744,-0.49272349272349275,20,254,68,160.0
Left_10r,-7.425061425061425,52.58722358722359,-7.772113022113022,15,283,41,137.0
Left_47m,-36.48133333333333,32.849333333333334,-13.984,48,310,195,129.0
Left_8Av,-38.55353408615642,17.187578419071517,52.43391886240067,81,47,213,179.0
Left_8Ad,-23.976275968196973,26.30815593741985,44.10271864580662,65,73,127,176.0
Left_9m,-6.531573586827363,53.45909013749788,25.981582074350705,14,145,34,175.0
Left_8BL,-12.124528301886793,35.770440251572325,54.65880503144654,43,36,72,178.0
Left_9p,-19.79275715155204,45.49573950091296,40.11046865489958,28,91,104,170.0
Left_10d,-11.37430225346289,65.67345462063263,10.716456481290056,2,199,69,156.0
Left_8C,-42.71987837324211,13.580577727099962,38.290573926263775,93,100,248,172.0
Left_44,-53.704150783566284,15.928208386277001,13.231893265565438,84,189,321,138.0
Left_45,-50.38812845485654,26.252566464859175,3.115425111871545,66,238,303,154.5
Left_47l,-46.379772542648254,30.37408610885459,-9.748578391551584,52,287,278,163.5
Left_a47r,-41.07718458826492,48.36628053387056,-10.813019390581717,24,289,240,171.0
Left_6r,-52.74597855227882,7.377345844504021,18.452077747989275,108,173,315,109.0
Left_IFJa,-41.76354679802956,12.57820197044335,26.29371921182266,96,142,244,145.0
Left_IFJp,-40.94758064516129,3.3056451612903226,30.191935483870967,117,128,237,124.0
Left_IFSp,-49.77058823529412,22.41830065359477,22.64967320261438,71,155,298,132.0
Left_IFSa,-47.59341669731519,33.74567855829349,11.728392791467451,46,196,285,123.0
Left_p9-46v,-46.200625558534405,28.983169496574323,28.364462317545428,56,132,274,161.0
Left_46,-38.328626897282035,38.02029650547123,31.647370278856336,37,120,210,174.0
Left_a9-46v,-39.52326885337819,51.68671152228764,9.607653490328007,18,206,226,173.0
Left_9-46d,-29.92212716313436,46.43855726229827,23.369336962862143,27,152,155,159.0
Left_9a,-20.714250124564025,56.15944195316393,26.885650224215247,10,139,107,152.0
Left_10v,-4.9125,53.854787234042554,-16.70132978723404,13,328,13,126.0
Left_a10p,-27.768576979116077,58.91864983001457,-4.2343370568237,9,272,143,157.0
Left_10pp,-14.645395044413277,62.21669004207573,-13.935250116877045,4,309,89,142.0
Left_11l,-26.619602272727274,48.17215909090909,-14.217045454545454,25,313,136,146.0
Left_13l,-23.427486187845304,29.929558011049725,-18.91367403314917,53,341,123,151.0
Left_OFC,-10.706450036647935,32.51075006107989,-23.616296115318836,49,346,62,99.0
Left_47s,-33.7723044397463,22.307610993657505,-18.75412262156448,73,337,179,147.0
Left_LIPd,-29.136453201970443,-54.90098522167488,44.10985221674877,275,72,152,101.0
Left_6a,-25.26042328042328,-3.3893121693121695,55.98846560846561,141,33,131,88.0
Left_i6-8,-31.73711943793911,5.945550351288056,59.38875878220141,111,24,171,158.0
Left_s6-8,-22.723834988540872,22.308250572956457,58.111917494270436,72,28,118,163.5
Left_43,-57.4112426035503,-0.011505588428665352,9.719592373438527,127,205,335,66.0
Left_OP4,-60.14689655172414,-12.982758620689655,15.995632183908047,162,178,343,41.0
Left_OP1,-48.21098901098901,-21.614835164835164,19.80934065934066,191,164,290,44.5
Left_OP2-3,-40.56446140797286,-15.983460559796438,19.459287531806616,170,167,233,21.0
Left_52,-38.846727898966705,-19.84902411021814,-0.33237657864523534,181,251,219,67.0
Left_RI,-39.81486880466473,-34.020116618075804,20.349562682215744,221,161,227,51.0
Left_PFcm,-51.81772377000593,-31.96058091286307,21.84617664493183,215,158,313,86.0
Left_PoI2,-39.44962613144431,-1.3953168044077136,-0.40082644628099173,133,253,225,105.0
Left_TA2,-50.573272273105744,1.0287260616153207,-5.425895087427144,124,276,306,79.0
Left_FOP4,-40.8459793814433,12.850103092783506,6.354020618556701,94,220,236,104.0
Left_MI,-35.74004085801839,11.92288049029622,2.475485188968335,99,242,190,131.0
Left_Pir,-30.398630136986302,6.568493150684931,-17.41780821917808,110,331,162,56.0
Left_AVI,-30.170462156731414,25.458472873409242,-2.1557267247153384,67,263,158,125.0
Left_AAIC,-32.70313790255987,14.79810074318745,-11.016102394715112,87,293,176,102.0
Left_FOP1,-50.07251908396947,2.1297709923664123,4.782442748091603,122,231,301,65.0
Left_FOP3,-35.693939393939395,2.803030303030303,13.255151515151516,120,188,189,95.0
Left_FOP2,-42.74281984334203,-3.936031331592689,14.891644908616188,145,184,249,44.5
Left_PFt,-54.1565579984837,-26.88476118271418,39.02122820318423,207,96,325,61.0
Left_AIP,-38.33790156203949,-40.5972590627763,44.418066607721784,239,70,211,82.5
Left_EC,-22.123916811091853,-11.334488734835356,-30.021230502599654,157,354,115,72.5
Left_PreS,-16.41915422885572,-32.24689054726368,-12.485696517412935,216,300,92,20.0
Left_H,-26.99556580347641,-23.407059240865554,-16.04380986165307,198,325,139,69.0
Left_ProS,-21.85634167385677,-55.93572044866264,5.1850733390854185,279,229,112,27.0
Left_PeEc,-32.05877616747182,-9.316425120772946,-33.357890499194845,152,356,173,97.0
Left_STGa,-51.767080745341616,12.607023411371237,-14.645723841376014,95,315,312,114.5
Left_PBelt,-53.57064017660044,-25.467991169977925,9.376379690949227,202,208,320,40.0
Left_A5,-63.60617958347559,-14.51194947080915,-0.8270740867190167,167,257,356,100.0
Left_PHA1,-23.208185053380785,-36.35053380782918,-14.7141162514828,227,316,121,49.0
Left_PHA3,-31.229599227426363,-38.47778850796717,-16.370111057460164,234,327,167,48.0
Left_STSda,-55.29901477832512,-5.779310344827586,-9.54088669950739,147,286,329,141.0
Left_STSdp,-53.419408679065334,-31.181449690033382,1.3769670958512161,214,244,319,108.0
Left_STSvp,-55.271867190289186,-33.656015708675476,-3.4689396644055694,219,269,328,150.0
Left_TGd,-41.04165137614679,11.42348623853211,-33.18981651376147,101,355,239,113.0
Left_TE1a,-60.899732322105734,-6.789538255632389,-20.48215480704885,148,345,347,169.0
Left_TE1p,-61.6980020873714,-45.384896376919635,-10.597510064112122,253,288,349,165.0
Left_TE2a,-56.860623781676416,-23.01196172248804,-27.484582668793195,197,350,332,128.0
Left_TF,-43.18668239330903,-23.876152691400385,-27.294767317177783,200,349,254,87.0
Left_TE2p,-47.90455284552846,-43.66357723577236,-18.7930081300813,248,338,288,103.0
Left_PHT,-58.9438270113554,-59.274100024160425,0.7237255375694612,290,248,339,112.0
Left_PH,-46.047131665403086,-64.84698003538034,-7.669825625473844,304,282,271,76.5
Left_TPOJ1,-53.83040078201368,-45.28445747800586,9.79960899315738,252,204,323,90.0
Left_TPOJ2,-52.988597972972975,-61.270270270270274,12.899493243243244,293,192,316,81.0
Left_TPOJ3,-42.988352745424294,-71.20299500831946,19.168885191347755,318,169,252,47.0
Left_DVT,-18.77845659163987,-72.64019292604502,34.52379421221865,322,109,98,43.0
Left_PGp,-38.015080297688996,-83.87877007442225,25.377399138268704,347,148,208,75.0
Left_IP2,-38.92543021032505,-50.45793499043977,42.478967495219884,262,82,220,111.0
Left_IP1,-30.71212121212121,-69.28522062732588,41.56592238171186,313,83,166,80.0
Left_IP0,-30.579005120702266,-76.8145574250183,27.44659839063643,332,137,165,58.0
Left_PFop,-62.94261620732209,-22.786301933360757,26.646441793500617,196,140,353,76.5
Left_PF,-59.087040172387255,-38.09473603201478,38.562182545790364,232,98,340,107.0
Left_PFm,-49.99626192317608,-56.99561742717195,44.07257025006445,282,74,300,135.0
Left_PGi,-46.47570281124498,-60.13493975903614,25.243775100401606,291,149,279,127.0
Left_PGs,-41.096053772766695,-74.28187337380746,39.00932350390286,326,97,241,133.0
Left_V6A,-21.381379310344826,-85.51517241379311,42.938620689655174,353,80,110,17.5
Left_VMV1,-19.483594864479315,-54.962196861626246,-6.121255349500713,276,278,102,1.0
Left_VMV3,-27.796498905908095,-62.36980306345733,-10.87417943107221,296,291,144,6.0
Left_PHA2,-31.371951219512194,-36.80792682926829,-11.144817073170731,229,295,170,60.0
Left_V4t,-48.05698005698006,-78.64672364672364,1.3518518518518519,334,245,289,35.0
Left_FST,-47.65473251028806,-67.79218106995884,2.6489711934156377,310,240,286,64.0
Left_V3CD,-35.96455223880597,-87.58022388059702,12.994402985074627,358,190,193,34.0
Left_LO3,-46.09011328527291,-79.72966014418125,12.988156539649845,337,191,272,42.0
Left_VMV2,-27.806497175141242,-55.402542372881356,-5.415254237288136,278,275,145,8.0
Left_31pd,-9.526477832512315,-52.5326354679803,36.383620689655174,268,106,57,122.0
Left_31a,-4.744233378561737,-37.77476255088195,43.3270013568521,231,77,12,110.0
Left_VVC,-31.249898000815993,-52.717870257037944,-16.83986128110975,269,329,169,37.0
Left_25,-5.001298701298701,24.886147186147188,-13.183116883116883,68,305,14,130.0
Left_s32,-8.120567375886525,36.180851063829785,-13.648936170212766,42,307,44,143.0
Left_pOFC,-13.860087960417811,14.155305112699285,-20.074491478834524,90,344,81,91.0
Left_PoI1,-38.11915492957746,-10.289859154929577,-3.37887323943662,154,267,209,98.0
Left_Ig,-35.6371640407785,-14.472196478220575,14.75949953660797,166,185,188,29.0
Left_FOP5,-35.53305785123967,27.318870523415978,5.5041322314049586,62,227,187,121.0
Left_p10p,-24.652419061476902,61.49854492542743,5.6240451073117494,6,225,129,168.0
Left_p47r,-45.25029539188657,43.46022055927531,1.3349743993698306,30,246,267,162.0
Left_TGv,-40.24129098360656,-1.7963627049180328,-43.87832991803279,137,359,229,92.0
Left_MBelt,-44.9542349726776,-16.192622950819672,4.104508196721311,171,236,266,38.0
Left_LBelt,-44.906917599186166,-26.88351983723296,8.980162767039674,206,210,264,55.0
Left_A4,-63.54819277108434,-22.11160431198478,9.57863031071655,192,207,355,71.0
Left_STSva,-51.73592342342342,-9.351914414414415,-15.189752252252251,153,319,311,144.0
Left_TE1m,-64.48448610213316,-26.248222365869424,-14.24983839689722,204,314,358,180.0
Left_PI,-44.10493827160494,-2.457818930041152,-14.006172839506172,139,311,259,93.0
Left_a32pr,-9.15,29.518666666666668,29.044,55,130,52,140.0
Left_p24,-5.296316964285714,37.24330357142857,15.983258928571429,39,179,20,148.0
Right_V1,12.419319256224393,-81.35225338796091,4.692688307595335,341,232,74,2.0
Right_MST,43.290849673202615,-64.4359477124183,4.643790849673203,303,234,255,39.0
Right_V6,18.019175729822553,-76.39696622781912,31.74098454493417,331,119,96,17.5
Right_V2,12.768975166142008,-78.94657222805176,6.752885624344176,336,219,76,3.0
Right_V3,20.115605552896124,-85.85280038295835,8.784226902824319,354,211,105,4.0
Right_V4,30.249338220321725,-83.75778863775199,-0.3535939727143148,346,252,160,14.0
Right_V8,30.432992980216977,-72.85737077217614,-12.348117421825144,324,298,163,12.0
Right_4,28.192404796970333,-17.3396802019777,57.86671575846834,175,30,148,13.0
Right_3b,37.40374753451677,-20.60611439842209,53.606311637080864,186,42,204,7.0
Right_FEF,44.33385579937304,-1.2486938349007315,52.122779519331246,131,49,260,85.0
Right_PEF,46.64243542435425,3.5966789667896677,36.92435424354244,116,105,281,117.0
Right_55b,49.869969040247675,2.684984520123839,47.51160990712074,121,60,299,114.5
Right_V3A,18.816824727783633,-87.6822971548999,32.31594661046716,359,117,99,9.0
Right_RSC,6.265202702702703,-36.291807432432435,21.67652027027027,226,159,28,63.0
Right_POS2,13.071063632141199,-69.78588016720855,40.16395726892708,314,88,77,89.0
Right_V7,28.904411764705884,-82.00105042016807,34.246848739495796,343,111,151,26.0
Right_IPS1,27.410884786760025,-70.61521323997454,39.928389560789306,317,92,140,24.0
Right_FFC,40.822198842714364,-53.84087322461862,-18.977117306680693,270,342,235,46.0
Right_V3B,30.035796766743648,-75.58545034642032,22.11431870669746,328,156,157,15.0
Right_LO1,38.41242937853107,-79.95197740112994,4.504237288135593,338,235,212,28.0
Right_LO2,44.925950196592396,-83.96920052424639,-0.700524246395806,348,256,265,31.0
Right_PIT,42.30495519240907,-80.52266736953084,-12.095677385345281,339,296,247,22.0
Right_MT,50.39387755102041,-69.89081632653061,8.239795918367347,315,215,304,52.0
Right_A1,43.37608069164265,-20.037463976945244,11.097982708933717,183,197,256,50.0
Right_PSL,63.968187274909965,-35.556822729091635,25.944577831132452,224,146,357,96.0
Right_SFL,8.841562120598947,14.053622015378389,66.50647511129098,91,10,49,154.5
Right_PCV,6.691218711530571,-52.32396389002872,52.651826015592945,267,45,35,70.0
Right_STV,60.30734323432343,-42.30940594059406,19.002887788778878,244,170,345,82.5
Right_7Pm,7.208702064896755,-66.94837758112094,54.99557522123894,308,35,38,74.0
Right_7m,5.257078986587183,-62.57377049180328,37.46758569299553,298,104,19,136.0
Right_POS1,14.275037369207773,-56.097907324364726,18.079596412556054,280,174,84,94.0
Right_23d,4.28719275549806,-22.426908150064683,39.4391979301423,193,94,8,139.0
Right_v23ab,5.168944570994685,-54.61845102505695,20.221336370539102,272,162,16,149.0
Right_d23ab,4.716024340770791,-41.15111561866126,32.82048681541582,241,115,11,153.0
Right_31pv,11.232937685459941,-43.475272007912956,34.35459940652819,247,110,66,134.0
Right_5m,6.530701754385965,-38.53898635477583,65.97709551656921,235,11,33,5.0
Right_5mv,13.543478260869565,-38.611223458038424,54.28361981799798,236,39,78,19.0
Right_23c,11.941388638412985,-32.36654643823264,44.54869251577998,217,69,71,68.0
Right_5L,14.585836909871245,-44.983369098712444,74.74624463519314,250,1,88,30.0
Right_24dd,7.655871670702179,-16.840496368038743,52.5998789346247,174,46,43,33.0
Right_24dv,10.236696613683483,-3.8780234968901173,46.61333794056669,143,61,59,62.0
Right_7AL,22.75925925925926,-50.06666666666667,68.75138888888888,261,6,119,54.0
Right_SCEF,7.370937204165352,2.8830861470495424,59.61391606184917,119,23,39,118.0
Right_6ma,19.53063399041023,3.2706446457112412,68.09403303143314,118,7,103,116.0
Right_7Am,10.755685986793837,-58.23991195891416,64.92149669845928,284,13,63,57.0
Right_7PL,16.310883140053523,-70.30909901873328,60.144067796610166,316,21,91,32.0
Right_7PC,35.78078524687686,-46.91671624033314,63.24836406900654,256,19,191,36.0
Right_LIPv,28.305184603299292,-55.167714061272584,54.4057344854674,277,38,150,72.5
Right_VIP,23.64658273381295,-61.42176258992806,64.95863309352518,294,12,124,53.0
Right_MIP,25.871896722939425,-65.9875868917577,50.75620655412115,306,53,133,59.0
Right_1,46.77092586265801,-21.599077553809362,56.85838742740007,190,31,282,16.0
Right_2,37.37734988136521,-30.357820770213543,53.26218288008761,212,43,203,25.0
Right_3a,32.221386800334166,-19.936507936507937,47.554302422723474,182,59,174,10.0
Right_6d,37.25879593432369,-11.146207974980454,64.90852228303362,155,14,201,11.0
Right_6mp,17.34922822491731,-11.659316427783903,69.04630650496141,159,4,94,23.0
Right_6v,59.61568409343715,6.7817945865776785,30.962365591397848,109,125,342,78.0
Right_p24pr,5.2199046483909415,-3.9129916567342073,40.80214541120382,144,85,18,106.0
Right_33pr,4.3528301886792455,11.625471698113207,28.433962264150942,100,131,9,84.0
Right_a24pr,5.20962962962963,17.76814814814815,33.611111111111114,77,112,17,120.0
Right_p32pr,10.832210242587601,12.404312668463612,40.91711590296496,98,84,64,119.0
Right_a24,6.500567536889898,39.70090805902384,-1.4040862656072646,33,260,32,177.0
Right_d32,8.92952460383653,38.26563803169308,28.000834028356966,36,135,50,166.0
Right_8BM,6.374470734744707,27.634246575342466,48.09028642590287,59,57,31,167.0
Right_p32,9.856013745704468,48.987972508591064,-1.868384879725086,22,261,58,160.0
Right_10r,7.406767955801105,51.27900552486188,-9.136049723756907,19,284,40,137.0
Right_47m,33.83301064859632,33.7458857696031,-15.291868344627298,45,321,180,129.0
Right_8Av,40.72044534412955,18.899797570850204,49.02469635627531,75,56,234,179.0
Right_8Ad,24.706130483689538,27.60798650168729,45.48622047244095,60,67,130,176.0
Right_9m,7.472931058790357,54.21380234033554,22.777879599605246,11,154,42,175.0
Right_8BL,13.59657986785853,38.27322191993782,52.211037699183834,35,48,79,178.0
Right_9p,20.381629785739374,48.777133825079034,36.02722163681068,23,107,106,170.0
Right_10d,10.315956221198157,66.96774193548387,6.203629032258065,1,222,60,156.0
Right_8C,40.18734212742071,16.455094021891664,35.73659837215829,83,108,228,172.0
Right_44,53.40867418899859,19.812059238363894,10.717559943582511,74,198,318,138.0
Right_45,50.71607142857143,27.503125,2.840625,61,239,307,154.5
Right_47l,46.232587064676615,33.4212271973466,-12.89759535655058,47,304,276,163.5
Right_a47r,39.132702464788736,52.484595070422536,-7.60981514084507,16,281,222,171.0
Right_6r,52.537450199203185,10.285657370517928,14.644754316069058,102,186,314,109.0
Right_IFJa,45.27460050462574,17.35197645079899,25.55550883095038,78,147,268,145.0
Right_IFJp,38.66884816753927,8.113874345549739,27.530104712041886,107,136,216,124.0
Right_IFSp,49.447765890497166,28.579295154185022,19.561674008810574,57,165,297,132.0
Right_IFSa,49.11199469847581,37.871438038436054,6.058979456593771,38,223,295,123.0
Right_p9-46v,46.47832185666922,31.721117061973985,28.301071155317523,50,133,280,161.0
Right_46,37.30549802297119,39.10139333458859,30.852664281679534,34,126,202,174.0
Right_a9-46v,40.46530084902178,51.82890365448505,10.25968992248062,17,202,231,173.0
Right_9-46d,29.946977922547955,49.31632283749548,23.504705030763663,21,151,156,159.0
Right_9a,19.468005223636958,61.393894874306234,21.99624551093699,7,157,101,152.0
Right_10v,4.66101131071191,53.99301397205589,-15.903193612774452,12,324,10,126.0
Right_a10p,26.057628979143796,61.538968166849614,-7.5801317233809,5,280,134,157.0
Right_10pp,14.005438477226377,62.40244731475187,-15.33718558803535,3,322,83,142.0
Right_11l,26.068181818181817,48.03733766233766,-15.205898268398268,26,320,135,146.0
Right_13l,22.04249404289118,29.76767275615568,-17.5285941223193,54,332,114,151.0
Right_OFC,9.445642978003384,34.60532994923858,-23.70939086294416,44,347,55,99.0
Right_47s,31.9119341563786,23.494238683127573,-18.840740740740742,69,340,172,147.0
Right_LIPd,29.596828046744573,-51.91402337228715,43.55175292153589,265,76,154,101.0
Right_6a,27.764390730127086,-1.3317966608522303,53.73972090705208,132,41,142,88.0
Right_i6-8,34.77475102519039,9.157879320445225,58.95635618043351,104,25,185,158.0
Right_s6-8,21.980123902942694,18.46437790397522,60.1133195663397,76,22,113,163.5
Right_43,56.92636407532593,0.6265089328826654,9.966441332689522,125,203,333,66.0
Right_OP4,58.392206846321926,-11.479606700655498,15.705753823743628,158,182,337,41.0
Right_OP1,43.98250460405156,-18.92633517495396,19.986187845303867,179,163,258,44.5
Right_OP2-3,39.23122065727699,-12.630281690140846,18.741784037558684,161,171,223,21.0
Right_52,39.4449378330373,-18.762877442273535,0.9902309058614565,178,247,224,67.0
Right_RI,41.444700460829495,-29.789005924950626,19.460500329163924,211,166,243,51.0
Right_PFcm,49.31612258494337,-27.17221852098601,22.83910726182545,208,153,296,86.0
Right_PoI2,40.42510508215514,-0.13316774933129538,-0.18742835307604128,128,250,230,105.0
Right_TA2,51.484697272122425,1.8972055888223553,-5.253160345974718,123,274,310,79.0
Right_FOP4,38.71636240703178,14.816430020283976,8.243069641649763,86,214,217,104.0
Right_MI,37.066383257030736,12.573904512753433,2.292020928711576,97,243,199,131.0
Right_Pir,32.404522613065325,8.261306532663317,-18.469221105527637,106,336,175,56.0
Right_AVI,32.807504575960955,26.447528981086027,-3.0655887736424647,64,265,177,125.0
Right_AAIC,33.49329359165425,17.237704918032787,-10.938152011922504,79,292,178,102.0
Right_FOP1,47.49455337690632,4.395424836601308,6.234204793028322,112,221,284,65.0
Right_FOP3,34.81949458483754,8.353790613718411,12.048736462093864,105,194,186,95.0
Right_FOP2,40.96723646723647,-1.4458689458689458,15.782051282051283,135,181,238,44.5
Right_PFt,56.04605845881311,-21.192205491585472,40.28609388839681,189,87,331,61.0
Right_AIP,38.58990011098779,-38.444506104328525,45.665371809100996,233,65,215,82.5
Right_EC,21.076190476190476,-11.969642857142857,-28.96011904761905,160,352,109,72.5
Right_PreS,17.382213438735178,-32.38379446640316,-10.873913043478261,218,290,95,20.0
Right_H,26.958390804597702,-20.255402298850576,-17.604367816091955,184,333,138,69.0
Right_ProS,22.144644644644643,-49.0995995995996,3.383883883883884,259,237,116,27.0
Right_PeEc,30.57893438579181,-8.469166255550075,-34.13788850518007,150,357,164,97.0
Right_STGa,51.09175607001694,15.20807453416149,-17.270750988142293,85,330,308,114.5
Right_PBelt,57.18714285714286,-17.86642857142857,8.646428571428572,176,212,334,40.0
Right_A5,63.258370535714285,-13.324497767857142,-2.1484375,163,262,354,100.0
Right_PHA1,23.196202531645568,-34.33122362869198,-15.520393811533053,223,323,120,49.0
Right_PHA3,34.37248322147651,-36.39261744966443,-14.717002237136466,228,317,182,48.0
Right_STSda,53.22371638141809,-1.3973105134474328,-14.057864710676446,134,312,317,141.0
Right_STSdp,50.12387475538161,-26.485518590998044,-1.2542074363992173,205,258,302,108.0
Right_STSvp,58.45544346364019,-29.517234131988232,-4.03551912568306,209,271,338,150.0
Right_TGd,38.556179775280896,14.27013546151423,-34.728289404599394,89,358,214,113.0
Right_TE1a,60.35135477336034,-1.553431248417321,-24.249810078500886,136,348,346,169.0
Right_TE1p,62.11633700739846,-42.07300317076854,-12.151064472293523,243,297,351,165.0
Right_TE2a,55.715669755686605,-16.566891322662173,-29.93487784330244,173,353,330,128.0
Right_TF,41.82117089259946,-20.622448979591837,-28.51772830344259,187,351,245,87.0
Right_TE2p,48.55221843003413,-38.76552901023891,-20.027986348122866,237,343,291,103.0
Right_PHT,60.16257995735608,-54.82062899786781,-3.2790511727078893,274,266,344,112.0
Right_PH,48.60292431192661,-61.862098623853214,-11.03038990825688,295,294,292,76.5
Right_TPOJ1,54.987775061124694,-41.710268948655255,10.65916870415648,242,201,327,90.0
Right_TPOJ2,54.02537776055792,-56.970747772181326,8.39345215032933,281,213,324,81.0
Right_TPOJ3,44.46122059758424,-62.37412587412587,16.860457724094086,297,176,261,47.0
Right_DVT,21.721970554926386,-68.1466591166478,32.860702151755376,312,114,111,43.0
Right_PGp,42.75593220338983,-78.28329297820824,26.967070217917676,333,138,250,75.0
Right_IP2,43.06603773584906,-43.30862533692722,45.449865229110515,246,68,253,111.0
Right_IP1,35.833614153327716,-63.7346251053075,45.94734625105308,301,63,192,80.0
Right_IP0,34.35030395136778,-71.64437689969606,31.101823708206688,319,124,181,58.0
Right_PFop,62.810344827586206,-18.109549071618037,26.215649867374005,177,143,352,76.5
Right_PF,61.03906071019473,-29.670217640320732,37.66151202749141,210,102,348,107.0
Right_PFm,53.7593788266726,-47.02087275965713,44.200768117555384,257,71,322,135.0
Right_PGi,51.418102790910474,-57.435641299374716,26.38424584413604,283,141,309,127.0
Right_PGs,46.12864583333333,-66.61875,43.27135416666667,307,78,273,133.0
Right_V6A,23.88340486409156,-82.10801144492132,46.2997138769671,344,62,125,17.5
Right_VMV1,18.981179422835634,-54.80677540777917,-7.030740276035131,273,279,100,1.0
Right_VMV3,28.25146771037182,-58.99608610567515,-9.415851272015656,289,285,149,6.0
Right_PHA2,31.247191011235955,-34.140449438202246,-12.839887640449438,222,303,168,60.0
Right_V4t,50.41822429906542,-75.2196261682243,-0.5981308411214953,327,255,305,35.0
Right_FST,47.28812785388128,-63.66438356164384,-1.310958904109589,300,259,283,64.0
Right_V3CD,36.84032411820782,-82.16634890371783,14.971877979027646,345,183,197,34.0
Right_LO3,45.413246268656714,-75.72667910447761,11.777985074626866,329,195,269,42.0
Right_VMV2,27.75361512791991,-54.05617352614016,-5.561179087875417,271,277,141,8.0
Right_31pd,11.165133394664213,-51.99862005519779,37.79070837166513,266,101,65,122.0
Right_31a,6.718527315914489,-40.42874109263658,42.65914489311164,238,81,36,110.0
Right_VVC,29.31977186311787,-44.703041825095056,-17.66958174904943,249,334,153,37.0
Right_25,4.279605263157895,23.095394736842106,-12.62390350877193,70,301,7,130.0
Right_s32,5.306779661016949,36.25819209039548,-13.62316384180791,41,306,21,143.0
Right_pOFC,14.559803921568628,14.346078431372549,-18.840196078431372,88,339,86,91.0
Right_PoI1,38.77023737066342,-8.21880706025563,-4.888922702373707,149,273,218,98.0
Right_Ig,36.99145299145299,-11.290598290598291,13.311965811965813,156,187,198,29.0
Right_FOP5,37.5808402291534,27.849458943348186,5.42488860598345,58,228,206,121.0
Right_p10p,25.38830188679245,60.91735849056604,5.128301886792453,8,230,132,168.0
Right_p47r,46.22727272727273,44.65488215488215,-3.390812890812891,29,268,275,162.0
Right_TGv,36.4735906551549,-0.4464195022854241,-44.97917724733367,130,360,194,92.0
Right_MBelt,46.269520225776105,-14.861241768579491,4.674035747883349,168,233,277,38.0
Right_LBelt,47.87368922783603,-23.74880838894185,10.69161105815062,199,200,287,55.0
Right_A4,64.77240143369175,-14.9118605408928,7.334147930922125,169,218,359,71.0
Right_STSva,54.36831955922865,-9.29504132231405,-16.24986225895317,151,326,326,144.0
Right_TE1m,65.23051558752998,-22.427158273381295,-15.152877697841726,194,318,360,180.0
Right_PI,44.84424778761062,-2.7787610619469025,-12.389380530973451,140,299,263,93.0
Right_a32pr,11.304651162790698,27.2646511627907,31.122325581395348,63,123,67,140.0
Right_p24,5.590439276485788,37.06692506459948,16.692248062015505,40,177,24,148.0
